{"colors":{"PyN0wDgjN7":{"r":136,"g":53,"b":172,"d":1560856423992},"sQENDBfvLI":{"r":0,"g":0,"b":0,"d":1560856442570},"NBQxz1NaCs":{"r":125,"g":72,"b":100,"d":1560895089001},"koMKMi8lcL":{"r":203,"g":39,"b":39,"d":1560900904074},"wWKDfKxKLV":{"r":51,"g":126,"b":182,"d":1560900910018},"nGtbFSIvjZ":{"r":75,"g":182,"b":51,"d":1560900912061},"ZVzr974acU":{"r":255,"g":26,"b":26,"d":1560901650072},"hsgBCO9cyp":{"r":255,"g":25.999999999999993,"b":25.999999999999993,"d":1561010030146}},"patterns":{"JjFirtoJ6f":{"name":"RGB","list":[{"fade":500,"r":255,"g":0,"b":0,"time":20},{"fade":500,"r":0,"g":255,"b":0,"time":30},{"fade":1000,"r":0,"g":0,"b":255,"time":45}]},"GeqtbRhd2h":{"name":"Strobe","list":[{"fade":0,"r":0,"g":0,"b":0,"time":100},{"fade":0,"r":255,"g":255,"b":255,"time":100}]}},"current":"JjFirtoJ6f"}